"Data","Nazwa","ISIN","Waluta","Kurs otwarcia","Kurs max","Kurs min","Kurs zamknięcia","Zmiana","Wolumen","Liczba Transakcji","Obrót","Liczba otwartych pozycji","Wartość otwartych pozycji","Cena nominalna"
"2019-10-11","06MAGNA","PLNFI0600010","PLN","0","0","0","0.2","0","0","0","0","0","0","0"
"2019-10-11","08OCTAVA","PLNFI0800016","PLN","0.852","0.852","0.85","0.85","-0.23","2042","4","1.74","0","0","0"
"2019-10-11","11BIT","PL11BTS00015","PLN","394","394","378","380","-2.44","5502","362","2104.35","0","0","0"
"2019-10-11","4FUNMEDIA","PL4FNMD00013","PLN","5.36","5.8","5.36","5.8","8.21","4107","19","22.56","0","0","0"
"2019-10-11","ABCDATA","PLABCDT00014","PLN","0","0","0","1.428","0","0","0","0","0","0","0"
"2019-10-11","ABPL","PLAB00000019","PLN","20.3","21","20.3","20.4","1.49","3226","26","66.59","0","0","0"
"2019-10-11","ACAUTOGAZ","PLACSA000014","PLN","39.4","39.4","39.4","39.4","-0.51","15","2","0.59","0","0","0"
"2019-10-11","ACTION","PLACTIN00018","PLN","3.06","3.12","2.98","3.12","1.96","5015","11","15.22","0","0","0"
"2019-10-11","ADIUVO","PLADVIV00015","PLN","6.64","7.1","6.64","7.04","6.02","1534","15","10.32","0","0","0"
"2019-10-11","AGORA","PLAGORA00067","PLN","9.6","9.6","9.32","9.32","0","2455","16","23.11","0","0","0"
"2019-10-11","AGROTON","CY0101062111","PLN","2.35","2.5","2.35","2.49","5.51","7310","17","17.46","0","0","0"
"2019-10-11","AILLERON","PLWNDMB00010","PLN","7.4","7.5","7.28","7.5","0","7741","8","56.92","0","0","0"
"2019-10-11","AIRWAY","PLAIRWY00017","PLN","0.69","0.69","0.69","0.69","0","111","1","0.08","0","0","0"
"2019-10-11","ALCHEMIA","PLGRBRN00012","PLN","0","0","0","4.76","0","0","0","0","0","0","0"
"2019-10-11","ALIOR","PLALIOR00045","PLN","34.46","36.18","34.06","36.06","6","520561","2999","18471.08","0","0","0"
"2019-10-11","ALTA","PLTRNSU00013","PLN","2.2","2.2","2.2","2.2","0","1","1","0","0","0","0"
"2019-10-11","ALTUSTFI","PLATTFI00018","PLN","1.72","1.768","1.68","1.728","-2.92","11900","19","20.13","0","0","0"
"2019-10-11","ALUMETAL","PLALMTL00023","PLN","35","35","34.5","35","0","294","8","10.18","0","0","0"
"2019-10-11","AMBRA","PLAMBRA00013","PLN","16.45","16.5","16.15","16.15","-0.62","2183","20","35.54","0","0","0"
"2019-10-11","AMICA","PLAMICA00010","PLN","112","112","111.2","112","0.72","1314","30","147.09","0","0","0"
"2019-10-11","AMPLI","PLAMPLI00019","PLN","0","0","0","0.22","0","0","0","0","0","0","0"
"2019-10-11","AMREST","ES0105375002","PLN","46.45","46.45","45.75","46.2","0.43","174314","1639","8029.9","0","0","0"
"2019-10-11","APATOR","PLAPATR00018","PLN","22.9","22.9","22.9","22.9","0.88","64","1","1.47","0","0","0"
"2019-10-11","APLISENS","PLAPLS000016","PLN","11.1","11.1","11.1","11.1","0.91","2","1","0.02","0","0","0"
"2019-10-11","APSENERGY","PLAPSEN00011","PLN","1.95","1.95","1.95","1.95","2.63","56","25","0.11","0","0","0"
"2019-10-11","ARCHICOM","PLARHCM00016","PLN","14.95","14.95","14.95","14.95","-0.33","165","2","2.47","0","0","0"
"2019-10-11","ARCTIC","PLARTPR00012","PLN","3.15","3.19","3.11","3.17","0.32","37666","68","118.79","0","0","0"
"2019-10-11","ARCUS","PLARCUS00040","PLN","2.54","2.64","2.54","2.64","0","1551","4","3.96","0","0","0"
"2019-10-11","ARTERIA","PLARTER00016","PLN","6.6","6.6","6.3","6.6","0","238","3","1.5","0","0","0"
"2019-10-11","ARTIFEX","PLARTFX00011","PLN","3.25","3.25","3.245","3.245","-0.15","529","5","1.72","0","0","0"
"2019-10-11","ASBIS","CY1000031710","PLN","2.32","2.35","2.305","2.34","0","8316","10","19.26","0","0","0"
"2019-10-11","ASMGROUP","PLASMGR00014","PLN","0","0","0","3.42","0","0","0","0","0","0","0"
"2019-10-11","ASSECOBS","PLABS0000018","PLN","28.6","28.6","28","28","-2.78","306","4","8.69","0","0","0"
"2019-10-11","ASSECOPOL","PLSOFTB00016","PLN","50.45","51.8","50.15","51.6","2.79","27073","352","1382.14","0","0","0"
"2019-10-11","ASSECOSEE","PLASSEE00014","PLN","19.6","19.6","19.6","19.6","0.51","1","1","0.02","0","0","0"
"2019-10-11","ASTARTA","NL0000686509","PLN","17.4","17.5","16.95","17","-1.73","8693","53","149.09","0","0","0"
"2019-10-11","ATAL","PLATAL000046","PLN","33.8","34.8","33.2","34.7","2.66","6728","46","232.48","0","0","0"
"2019-10-11","ATENDE","PLATMSI00016","PLN","3.32","3.32","3.26","3.32","0","1827","7","5.96","0","0","0"
"2019-10-11","ATLANTAPL","PLATLPL00018","PLN","4.61","4.7","4.61","4.7","2.17","1468","14","6.8","0","0","0"
"2019-10-11","ATLANTIS","EE3100143090","PLN","0","0","0","0.55","0","0","0","0","0","0","0"
"2019-10-11","ATLASEST","GB00B0WDBP88","PLN","1.52","1.565","1.52","1.565","4.33","6203","7","9.63","0","0","0"
"2019-10-11","ATM","PLATMSA00013","PLN","9.93","10","9.93","10","0.7","2294","11","22.89","0","0","0"
"2019-10-11","ATMGRUPA","PLATM0000021","PLN","4.1","4.15","4","4.05","-0.98","13839","19","56.32","0","0","0"
"2019-10-11","ATREM","PLATREM00017","PLN","2.02","2.02","2","2","-0.99","43","21","0.09","0","0","0"
"2019-10-11","AUGA","LT0000127466","PLN","0","0","0","2.12","0","0","0","0","0","0","0"
"2019-10-11","AUTOPARTN","PLATPRT00018","PLN","4.4","4.4","4.31","4.31","-1.6","136972","24","597.66","0","0","0"
"2019-10-11","AWBUD","PLINSTL00011","PLN","0","0","0","0.6","0","0","0","0","0","0","0"
"2019-10-11","BAHOLDING","PLMRVPL00016","PLN","1.45","1.46","1.424","1.46","0.14","33188","29","48.18","0","0","0"
"2019-10-11","BALTONA","PLBALTN00014","PLN","6.95","6.95","6.35","6.6","-5.04","19878","54","131.47","0","0","0"
"2019-10-11","BBIDEV","PLNFI1200018","PLN","0.5","0.502","0.496","0.5","0","58156","25","29.06","0","0","0"
"2019-10-11","BEDZIN","PLECBDZ00013","PLN","15.15","15.15","14.9","15.1","0.67","4931","8","73.61","0","0","0"
"2019-10-11","BENEFIT","PLBNFTS00018","PLN","672","698","664","696","3.57","249","72","170.75","0","0","0"
"2019-10-11","BERLING","PLBRLNG00015","PLN","4.38","4.38","4.38","4.38","5.8","402","3","1.76","0","0","0"
"2019-10-11","BEST","PLBEST000010","PLN","0","0","0","21.2","0","0","0","0","0","0","0"
"2019-10-11","BETACOM","PLBTCOM00016","PLN","10","10","10","10","0","5","1","0.05","0","0","0"
"2019-10-11","BIK","PLBIKPT00014","PLN","15.6","15.6","15.14","15.14","-2.95","80005","3","1212.08","0","0","0"
"2019-10-11","BIOMEDLUB","PLBMDLB00018","PLN","0.978","0.978","0.96","0.978","0.82","37450","8","36.43","0","0","0"
"2019-10-11","BIOTON","PLBIOTN00029","PLN","4.15","4.185","4.1","4.15","0","20146","53","83.09","0","0","0"
"2019-10-11","BNPPPL","PLBGZ0000010","PLN","59.8","61.4","57.8","61","2.01","2417","46","144.37","0","0","0"
"2019-10-11","BOGDANKA","PLLWBGD00016","PLN","34.5","35.1","34.35","34.7","0.87","20954","189","728.35","0","0","0"
"2019-10-11","BOOMBIT","PLBMBIT00010","PLN","9.7","11.25","9.7","10.302","3.12","85092","516","902.03","0","0","0"
"2019-10-11","BORYSZEW","PLBRSZW00011","PLN","4.29","4.415","4.285","4.37","0.81","42495","56","185.39","0","0","0"
"2019-10-11","BOS","PLBOS0000019","PLN","7.02","7.02","6.8","6.96","-0.85","7742","46","53.27","0","0","0"
"2019-10-11","BOWIM","PLBOWM000019","PLN","0","0","0","1.74","0","0","0","0","0","0","0"
"2019-10-11","BRASTER","PLBRSTR00014","PLN","0.949","1.036","0.924","0.986","5.23","253757","222","250.98","0","0","0"
"2019-10-11","BSCDRUK","PLBSCDO00017","PLN","36.9","36.9","36.9","36.9","0","19","2","0.7","0","0","0"
"2019-10-11","BUDIMEX","PLBUDMX00013","PLN","128.4","131","126.6","130","2.52","2807","161","362.68","0","0","0"
"2019-10-11","BUDOPOL","PLBDPWR00014","PLN","0","0","0","0.06","0","0","0","0","0","0","0"
"2019-10-11","BUMECH","PLBMECH00012","PLN","3.94","3.94","3.83","3.93","0.26","5503","25","21.37","0","0","0"
"2019-10-11","CALATRAVA","PLBRSTM00015","PLN","0","0","0","0.23","0","0","0","0","0","0","0"
"2019-10-11","CAPITAL","PLCPTLP00015","PLN","1.26","1.26","1.11","1.11","-9.02","2247","2","2.5","0","0","0"
"2019-10-11","CCC","PLCCC0000016","PLN","128.6","128.9","126.6","128","0","121108","1690","15492.85","0","0","0"
"2019-10-11","CCENERGY","PLKAREN00014","PLN","0","0","0","0.06","0","0","0","0","0","0","0"
"2019-10-11","CDPROJEKT","PLOPTTC00011","PLN","232.9","237.6","232","237","2.82","166415","2098","39253.11","0","0","0"
"2019-10-11","CDRL","PLCDRL000043","PLN","19","19.75","19","19.7","4.79","3585","48","69.59","0","0","0"
"2019-10-11","CELTIC","PLCELPD00013","PLN","6.1","6.1","6.1","6.1","0.83","50","5","0.31","0","0","0"
"2019-10-11","CEZ","CZ0005112300","PLN","0","0","0","85.5","0","0","0","0","0","0","0"
"2019-10-11","CFI","PLINTKS00013","PLN","0.32","0.328","0.32","0.328","2.5","2500","3","0.82","0","0","0"
"2019-10-11","CHEMOS","PLCHMDW00010","PLN","0","0","0","0.33","0","0","0","0","0","0","0"
"2019-10-11","CIECH","PLCIECH00018","PLN","30.3","30.7","30.2","30.25","0","81238","927","2467.39","0","0","0"
"2019-10-11","CIGAMES","PLCTINT00018","PLN","0.991","1.016","0.986","1.008","1.31","529289","211","527.49","0","0","0"
"2019-10-11","CITYSERV","EE3100126368","PLN","0","0","0","9.75","0","0","0","0","0","0","0"
"2019-10-11","CLNPHARMA","PLCLNPH00015","PLN","46.4","46.4","44.1","44.65","-1.87","8319","112","375.11","0","0","0"
"2019-10-11","CNT","PLERGPL00014","PLN","14.2","14.2","14.2","14.2","0","1","1","0.01","0","0","0"
"2019-10-11","COALENERG","LU0646112838","PLN","0.4","0.4","0.4","0.4","0","709","1","0.28","0","0","0"
"2019-10-11","COGNOR","PLCNTSL00014","PLN","1.8","1.8","1.79","1.79","0","78233","46","140.21","0","0","0"
"2019-10-11","COMARCH","PLCOMAR00012","PLN","173","174.5","172","174","0","88","8","15.23","0","0","0"
"2019-10-11","COMP","PLCMP0000017","PLN","63.4","64.2","63.4","64.2","0.31","210","3","13.32","0","0","0"
"2019-10-11","COMPERIA","PLCOMPR00010","PLN","0","0","0","3.46","0","0","0","0","0","0","0"
"2019-10-11","CORMAY","PLCMRAY00029","PLN","0.904","0.913","0.885","0.912","0.89","48561","24","43.56","0","0","0"
"2019-10-11","CPGROUP","PLCPPRK00037","PLN","6.1","6.5","6.09","6.3","4.83","53789","41","334.85","0","0","0"
"2019-10-11","CUBEITG","PLMCINT00013","PLN","0","0","0","0.195","0","0","0","0","0","0","0"
"2019-10-11","CYFRPLSAT","PLCFRPT00013","PLN","27.74","27.74","27.12","27.36","-1.01","164376","591","4493.97","0","0","0"
"2019-10-11","CZTOREBKA","PLCRWTR00022","PLN","0","0","0","0.37","0","0","0","0","0","0","0"
"2019-10-11","DATAWALK","PLPILAB00012","PLN","54.6","54.6","52.2","53.6","-0.74","2505","57","132.33","0","0","0"
"2019-10-11","DEBICA","PLDEBCA00016","PLN","78.6","82.2","78.6","81","2.79","891","20","70.52","0","0","0"
"2019-10-11","DECORA","PLDECOR00013","PLN","18","18","17.5","17.9","-0.56","334","3","5.85","0","0","0"
"2019-10-11","DEKPOL","PLDEKPL00032","PLN","25.9","25.9","25.9","25.9","-0.38","38","1","0.98","0","0","0"
"2019-10-11","DELKO","PLDELKO00019","PLN","9.5","9.6","9.5","9.6","0","766","8","7.35","0","0","0"
"2019-10-11","DEVELIA","PLLCCRP00017","PLN","2.34","2.35","2.32","2.34","-1.89","156168","86","365.59","0","0","0"
"2019-10-11","DGA","PLDGA0000019","PLN","7.06","7.08","7.06","7.08","0.28","268","34","1.9","0","0","0"
"2019-10-11","DINOPL","PLDINPL00011","PLN","144.9","147.4","144","146.3","1.39","88567","1367","12957.8","0","0","0"
"2019-10-11","DOMDEV","PLDMDVL00012","PLN","81","82.8","81","82.6","0.73","229","7","18.71","0","0","0"
"2019-10-11","DREWEX","PLDREWX00012","PLN","0","0","0","0.55","0","0","0","0","0","0","0"
"2019-10-11","DROP","PLDROP000011","PLN","0.15","0.15","0.15","0.15","10.29","34","1","0.01","0","0","0"
"2019-10-11","DROZAPOL","PLDRZPL00032","PLN","1.32","1.32","1.25","1.28","-3.03","2177","14","2.75","0","0","0"
"2019-10-11","ECHO","PLECHPS00019","PLN","4.3","4.48","4.27","4.475","4.56","101996","100","442.47","0","0","0"
"2019-10-11","EDINVEST","PLEDINV00014","PLN","0","0","0","1.96","0","0","0","0","0","0","0"
"2019-10-11","EFEKT","PLEFEKT00018","PLN","16.4","16.4","15.6","15.7","-4.27","795","5","12.44","0","0","0"
"2019-10-11","EKOEXPORT","PLEKEP000019","PLN","5.8","6.69","5.7","6.2","5.08","142349","457","891.32","0","0","0"
"2019-10-11","ELBUDOWA","PLELTBD00017","PLN","6.1","6.24","5.94","6","-2.6","39429","126","237.98","0","0","0"
"2019-10-11","ELEKTROTI","PLELEKT00016","PLN","3.8","3.8","3.76","3.76","-1.05","286","22","1.08","0","0","0"
"2019-10-11","ELEMENTAL","PLELMTL00017","PLN","1.54","1.558","1.506","1.542","0.13","1802648","90","2754.3","0","0","0"
"2019-10-11","ELKOP","PLELKOP00013","PLN","0.814","0.814","0.742","0.812","0","12327","16","9.28","0","0","0"
"2019-10-11","ELZAB","PLELZAB00010","PLN","1.93","1.93","1.87","1.87","-2.6","110","2","0.21","0","0","0"
"2019-10-11","EMCINSMED","PLEMCIM00017","PLN","4.8","4.96","4.8","4.96","-0.8","415","2","1.99","0","0","0"
"2019-10-11","ENAP","PLENAP000010","PLN","1.09","1.1","1.06","1.06","-2.75","115204","8","126.28","0","0","0"
"2019-10-11","ENEA","PLENEA000013","PLN","8.305","8.49","8.22","8.425","2.37","167492","395","1401.91","0","0","0"
"2019-10-11","ENELMED","PLENLMD00017","PLN","0","0","0","14.5","0","0","0","0","0","0","0"
"2019-10-11","ENERGA","PLENERG00022","PLN","6.045","6.19","6.04","6.175","3.09","337959","747","2075.26","0","0","0"
"2019-10-11","ENERGOINS","PLERGIN00015","PLN","0.812","0.812","0.766","0.812","-0.25","10473","6","8.11","0","0","0"
"2019-10-11","ENTER","PLENTER00017","PLN","41.5","43","40.9","41","0.24","9511","112","394.15","0","0","0"
"2019-10-11","ERBUD","PLERBUD00012","PLN","14.45","14.45","13.6","14.45","0","4833","13","66.37","0","0","0"
"2019-10-11","ERG","PLERGZB00014","PLN","29.8","29.8","29.8","29.8","0","1","1","0.03","0","0","0"
"2019-10-11","ERGIS","PLEUFLM00017","PLN","0","0","0","3.17","0","0","0","0","0","0","0"
"2019-10-11","ESOTIQ","PLESTHN00018","PLN","12.85","12.85","12","12.4","0.81","1688","18","20.64","0","0","0"
"2019-10-11","ESSYSTEM","PLESSYS00030","PLN","2.68","2.68","2.64","2.64","-2.22","645","3","1.7","0","0","0"
"2019-10-11","ESTAR","HU0000089198","PLN","0","0","0","1.5","0","0","0","0","0","0","0"
"2019-10-11","EUCO","PLERPCO00017","PLN","2.32","2.32","2.15","2.24","-2.18","5593","23","12.24","0","0","0"
"2019-10-11","EUROCASH","PLEURCH00011","PLN","20.8","21.06","20.48","20.64","0.19","294684","1326","6105.63","0","0","0"
"2019-10-11","EUROHOLD","BG1100114062","PLN","5.8","5.8","5.8","5.8","0","1","1","0.01","0","0","0"
"2019-10-11","EUROTEL","PLERTEL00011","PLN","20.5","20.6","20.5","20.6","0.49","930","12","19.15","0","0","0"
"2019-10-11","EVEREST","PLWDMCP00013","PLN","0.39","0.39","0.39","0.39","0","101","1","0.04","0","0","0"
"2019-10-11","FAMUR","PLFAMUR00012","PLN","3.435","3.5","3.425","3.5","1.45","205829","161","713.93","0","0","0"
"2019-10-11","FASING","PLFSING00010","PLN","14.2","15","14.2","14.5","0","1723","20","25.42","0","0","0"
"2019-10-11","FASTFIN","PLFSTFC00012","PLN","0","0","0","0.09","0","0","0","0","0","0","0"
"2019-10-11","FEERUM","PLFEERM00018","PLN","10.35","11.3","10.35","11.3","9.71","98","3","1.11","0","0","0"
"2019-10-11","FENGHUA","DE000A13SX89","PLN","0","0","0","17.5","0","0","0","0","0","0","0"
"2019-10-11","FERRO","PLFERRO00016","PLN","13.6","13.85","13.4","13.4","-0.74","1912","13","26.14","0","0","0"
"2019-10-11","FERRUM","PLFERUM00014","PLN","3.6","3.6","3.6","3.6","-0.28","2","2","0.01","0","0","0"
"2019-10-11","FMG","PLTHP0000011","PLN","11","11","11","11","4.76","113","2","1.24","0","0","0"
"2019-10-11","FON","EE3100145939","PLN","0","0","0","0.688","0","0","0","0","0","0","0"
"2019-10-11","FORTE","PLFORTE00012","PLN","22.8","23.9","22.8","23.85","4.61","3057","60","72.16","0","0","0"
"2019-10-11","GETBACK","PLGTBCK00297","PLN","0","0","0","3.75","0","0","0","0","0","0","0"
"2019-10-11","GETIN","PLGSPR000014","PLN","1.376","1.386","1.32","1.324","-3.78","804876","462","1078.99","0","0","0"
"2019-10-11","GETINOBLE","PLGETBK00012","PLN","0.314","0.314","0.31","0.31","-1.59","787658","87","244.98","0","0","0"
"2019-10-11","GLCOSMED","PLGLBLC00011","PLN","1.5","1.5","1.5","1.5","0","8","1","0.01","0","0","0"
"2019-10-11","GOBARTO","PLDUDA000016","PLN","6.3","6.3","6.3","6.3","2.27","500","2","3.15","0","0","0"
"2019-10-11","GPW","PLGPW0000017","PLN","37.2","37.65","36.8","37","0","33118","471","1231.68","0","0","0"
"2019-10-11","GROCLIN","PLINTGR00013","PLN","1.82","2.2","1.79","2.09","13.71","125389","163","255.25","0","0","0"
"2019-10-11","GRODNO","PLGRODN00015","PLN","4.29","4.4","4.29","4.38","2.1","8599","15","37.49","0","0","0"
"2019-10-11","GRUPAAZOTY","PLZATRM00012","PLN","30.5","32.64","30.2","30.6","1.26","156395","1236","4900.01","0","0","0"
"2019-10-11","GTC","PLGTC0000037","PLN","9.3","9.5","9.3","9.5","0.74","23993","75","227.73","0","0","0"
"2019-10-11","HANDLOWY","PLBH00000012","PLN","51.2","52.4","50.7","51.8","1.37","37645","374","1939.33","0","0","0"
"2019-10-11","HARPER","PLHRPHG00023","PLN","0.0998","0.0998","0.09","0.09","-9.82","58781","11","5.29","0","0","0"
"2019-10-11","HELIO","PLHELIO00014","PLN","11.3","11.3","10.6","10.6","-6.19","12","2","0.13","0","0","0"
"2019-10-11","HERKULES","PLZRWZW00012","PLN","1.14","1.14","1.14","1.14","0","5907","2","6.73","0","0","0"
"2019-10-11","HMINWEST","PLHMINW00016","PLN","0","0","0","14","0","0","0","0","0","0","0"
"2019-10-11","HOLLYWOOD","PLHOLWD00017","PLN","0","0","0","0.986","0","0","0","0","0","0","0"
"2019-10-11","HUBSTYLE","PLGRNKT00019","PLN","0","0","0","0.398","0","0","0","0","0","0","0"
"2019-10-11","HYDROTOR","PLHDRTR00013","PLN","32.2","32.2","31.4","31.4","0","13","3","0.41","0","0","0"
"2019-10-11","I2DEV","PLI2DVL00014","PLN","10","10","9.85","9.85","-2.48","1897","5","18.84","0","0","0"
"2019-10-11","IALBGR","PLADVPL00029","PLN","0.45","0.45","0.37","0.37","-26","79799","51","33.87","0","0","0"
"2019-10-11","IBSM","PLPLPGR00010","PLN","0","0","0","14.9","0","0","0","0","0","0","0"
"2019-10-11","IDEABANK","PLIDEAB00013","PLN","2.87","2.94","2.72","2.73","-4.55","193813","245","534.47","0","0","0"
"2019-10-11","IDEON","PLCNTZP00010","PLN","0","0","0","0.01","0","0","0","0","0","0","0"
"2019-10-11","IDMSA","PLIDMSA00044","PLN","1.25","1.35","1.25","1.25","-6.72","2863","9","3.71","0","0","0"
"2019-10-11","IFCAPITAL","EE3100143041","PLN","0","0","0","0.51","0","0","0","0","0","0","0"
"2019-10-11","IFIRMA","PLPWRMD00011","PLN","3.14","3.14","2.89","3.13","-1.26","21345","51","64.49","0","0","0"
"2019-10-11","IFSA","EE3100143033","PLN","0","0","0","0.214","0","0","0","0","0","0","0"
"2019-10-11","IIAAV","AT0000A21KS2","PLN","0","0","0","113.56","0","0","0","0","0","0","0"
"2019-10-11","IMCOMPANY","LU0607203980","PLN","14.5","14.5","14.45","14.45","-0.34","71","2","1.03","0","0","0"
"2019-10-11","IMMOBILE","PLMAKRM00019","PLN","3.14","3.45","2.96","3.45","9.87","7503","31","23.63","0","0","0"
"2019-10-11","IMPEL","PLIMPEL00011","PLN","6.7","6.8","6.6","6.75","0.75","1883","14","12.53","0","0","0"
"2019-10-11","IMPERA","PLNFI0700018","PLN","0.96","0.96","0.914","0.914","0","17","4","0.02","0","0","0"
"2019-10-11","IMPEXMET","PLIMPXM00019","PLN","0","0","0","4.22","0","0","0","0","0","0","0"
"2019-10-11","IMS","PLINTMS00019","PLN","3.64","3.64","3.6","3.64","0","3911","14","14.2","0","0","0"
"2019-10-11","INC","PLINCLT00015","PLN","2.14","2.3","1.94","2.08","-7.96","45786","88","93.51","0","0","0"
"2019-10-11","INDYGO","PLLSTIA00018","PLN","0","0","0","0.25","0","0","0","0","0","0","0"
"2019-10-11","INDYKPOL","PLINDKP00013","PLN","64","64.5","64","64.5","0.78","20","3","1.28","0","0","0"
"2019-10-11","INGBSK","PLBSK0000017","PLN","195.4","200","195.2","199.6","1.84","3714","158","737.32","0","0","0"
"2019-10-11","INPRO","PLINPRO00015","PLN","4.9","4.9","4.9","4.9","7.46","2","1","0.01","0","0","0"
"2019-10-11","INSTALKRK","PLINSTK00013","PLN","15.9","15.95","15.9","15.95","-1.54","600","2","9.55","0","0","0"
"2019-10-11","INTERAOLT","LT0000128621","PLN","13.5","13.5","13.3","13.5","0","731","11","9.84","0","0","0"
"2019-10-11","INTERBUD","PLINTBD00014","PLN","0.4","0.4","0.4","0.4","-12.28","385","2","0.15","0","0","0"
"2019-10-11","INTERCARS","PLINTCS00010","PLN","198","202","193","196.5","0.26","2381","104","467.85","0","0","0"
"2019-10-11","INTERFERI","PLINTFR00023","PLN","0","0","0","4","0","0","0","0","0","0","0"
"2019-10-11","INTERSPPL","PLINTSP00038","PLN","1.81","1.83","1.71","1.75","1.16","21055","11","36.42","0","0","0"
"2019-10-11","INTROL","PLINTRL00013","PLN","0","0","0","2.62","0","0","0","0","0","0","0"
"2019-10-11","INVISTA","PLECMNG00019","PLN","0.45","0.45","0.45","0.45","-11.76","16700","1","7.52","0","0","0"
"2019-10-11","IPOPEMA","PLIPOPM00011","PLN","1.53","1.53","1.53","1.53","0.33","10","1","0.02","0","0","0"
"2019-10-11","IQP","PLIQPRT00017","PLN","0","0","0","0.26","0","0","0","0","0","0","0"
"2019-10-11","ITMTRADE","PLBRIJU00010","PLN","2.16","2.16","2.02","2.02","1","3141","7","6.48","0","0","0"
"2019-10-11","IZOBLOK","PLIZBLK00010","PLN","26.8","26.8","26.8","26.8","-0.37","372","1","9.97","0","0","0"
"2019-10-11","IZOLACJA","PLIZCJR00017","PLN","1.53","1.53","1.53","1.53","0","2","1","0","0","0","0"
"2019-10-11","IZOSTAL","PLIZSTL00015","PLN","2.72","2.73","2.64","2.67","-1.84","7077","31","18.94","0","0","0"
"2019-10-11","JHMDEV","PLJHMDL00018","PLN","1.6","1.6","1.59","1.59","0","6502","7","10.34","0","0","0"
"2019-10-11","JJAUTO","DE000A1TNS70","PLN","0","0","0","9.7","0","0","0","0","0","0","0"
"2019-10-11","JSW","PLJSW0000015","PLN","21.86","23.88","21.6","23.4","10.17","2066251","10154","47292.22","0","0","0"
"2019-10-11","JWCONSTR","PLJWC0000019","PLN","2.85","2.88","2.83","2.88","-0.69","8805","15","25.06","0","0","0"
"2019-10-11","JWWINVEST","PLJWWNT00018","PLN","1.38","1.38","1.38","1.38","2.22","10","1","0.01","0","0","0"
"2019-10-11","K2INTERNT","PLK2ITR00010","PLN","8.9","8.9","8.8","8.8","0.57","1105","3","9.72","0","0","0"
"2019-10-11","KANIA","PLIZNS000022","PLN","0","0","0","0.106","0","0","0","0","0","0","0"
"2019-10-11","KBDOM","PLTRAST00020","PLN","0.57","0.57","0.57","0.57","-1.72","2","1","0","0","0","0"
"2019-10-11","KCI","PLPONAR00012","PLN","0.429","0.429","0.429","0.429","5.67","1277","4","0.55","0","0","0"
"2019-10-11","KDMSHIPNG","CY0102492119","PLN","0","0","0","1.4","0","0","0","0","0","0","0"
"2019-10-11","KERNEL","LU0327357389","PLN","42","42.45","41.35","41.55","-1.07","55359","269","2324.39","0","0","0"
"2019-10-11","KETY","PLKETY000011","PLN","283","285","280","283.5","1.25","2192","177","619.39","0","0","0"
"2019-10-11","KGHM","PLKGHM000017","PLN","78.3","80.1","78.22","79.92","2.86","554611","3616","44047.73","0","0","0"
"2019-10-11","KGL","PLKRKGL00012","PLN","13.6","13.6","13.55","13.55","0","94","2","1.27","0","0","0"
"2019-10-11","KINOPOL","PLKNOPL00014","PLN","10.4","10.4","10.3","10.4","0","3761","17","38.74","0","0","0"
"2019-10-11","KOGENERA","PLKGNRC00015","PLN","32.5","33.4","32.3","33.4","2.77","315","10","10.26","0","0","0"
"2019-10-11","KOMPAP","PLKOMPP00017","PLN","0","0","0","6.35","0","0","0","0","0","0","0"
"2019-10-11","KOMPUTRON","PLKMPTR00012","PLN","2.75","2.87","2.75","2.87","5.51","9290","17","26","0","0","0"
"2019-10-11","KONSSTALI","PLKCSTL00010","PLN","25.9","25.9","25.9","25.9","0","1","1","0.03","0","0","0"
"2019-10-11","KPPD","PLKPPD000017","PLN","0","0","0","22.8","0","0","0","0","0","0","0"
"2019-10-11","KRAKCHEM","PLKRKCH00019","PLN","0.438","0.438","0.434","0.434","5.85","2837","5","1.24","0","0","0"
"2019-10-11","KREC","PLKRNRC00012","PLN","4.65","4.65","4.51","4.51","-3.84","295","2","1.33","0","0","0"
"2019-10-11","KREDYTIN","PLKRINK00014","PLN","7.55","7.55","7.55","7.55","-3.21","255","1","1.93","0","0","0"
"2019-10-11","KREZUS","PLNFI0200019","PLN","0","0","0","0.56","0","0","0","0","0","0","0"
"2019-10-11","KRKA","SI0031102120","PLN","278","278","278","278","0","7","1","1.95","0","0","0"
"2019-10-11","KRUK","PLKRK0000010","PLN","130","130","127.5","129","0","42122","1220","5408.48","0","0","0"
"2019-10-11","KRUSZWICA","PLKRUSZ00016","PLN","42.4","43.8","42.4","43.7","0.23","592","12","25.48","0","0","0"
"2019-10-11","KRVITAMIN","PLKRVTM00010","PLN","4.29","4.39","4.29","4.38","-0.23","400","22","1.75","0","0","0"
"2019-10-11","KSGAGRO","LU0611262873","PLN","1","1","1","1","0","3000","1","3","0","0","0"
"2019-10-11","LABOPRINT","PLLBPRT00013","PLN","10","10","9.98","9.98","-0.2","11","11","0.11","0","0","0"
"2019-10-11","LARK","PLPPWK000014","PLN","0","0","0","0.15","0","0","0","0","0","0","0"
"2019-10-11","LARQ","PLCAMMD00032","PLN","2.46","2.46","2.36","2.36","-4.07","2010","2","4.74","0","0","0"
"2019-10-11","LENA","PLLENAL00015","PLN","3.1","3.17","3.1","3.17","1.28","4977","12","15.68","0","0","0"
"2019-10-11","LENTEX","PLLENTX00010","PLN","7.22","7.22","7.1","7.1","-1.66","1651","5","11.77","0","0","0"
"2019-10-11","LIBET","PLLBT0000013","PLN","0.552","0.59","0.552","0.576","4.73","110559","52","63.09","0","0","0"
"2019-10-11","LIVECHAT","PLLVTSF00010","PLN","33.9","34.6","33.8","34.45","1.77","8995","74","305.84","0","0","0"
"2019-10-11","LOKUM","PLLKMDW00049","PLN","14","14.1","14","14.1","-2.08","781","3","10.94","0","0","0"
"2019-10-11","LOTOS","PLLOTOS00025","PLN","92","92.36","90.26","92","0.52","199731","1646","18309.97","0","0","0"
"2019-10-11","LPP","PLLPP0000011","PLN","7805","8120","7805","8055","3.4","2006","666","15938.79","0","0","0"
"2019-10-11","LSISOFT","PLLSSFT00016","PLN","13.15","13.2","12.95","13.2","0","4120","6","54.12","0","0","0"
"2019-10-11","LUBAWA","PLLUBAW00013","PLN","0.842","0.884","0.83","0.866","4.34","200688","98","172","0","0","0"
"2019-10-11","MABION","PLMBION00016","PLN","80.1","84.6","80","81.9","2.5","3650","100","299.2","0","0","0"
"2019-10-11","MAKARONPL","PLMKRNP00015","PLN","0","0","0","4.6","0","0","0","0","0","0","0"
"2019-10-11","MANGATA","PLZTKMA00017","PLN","69","69","68.5","69","0.73","30","4","2.07","0","0","0"
"2019-10-11","MARVIPOL","PLMRVDV00011","PLN","3.44","3.54","3.44","3.54","1.43","8727","24","30.37","0","0","0"
"2019-10-11","MASTERPHA","PLMSTPH00016","PLN","4.88","4.89","4.88","4.89","0.2","947","15","4.63","0","0","0"
"2019-10-11","MAXCOM","PLMXCMS00016","PLN","16.6","17.45","16.6","16.8","-3.72","732","5","12.32","0","0","0"
"2019-10-11","MBANK","PLBRE0000012","PLN","355","367.2","352","364","2.36","24291","645","8817.61","0","0","0"
"2019-10-11","MBWS","FR0000060873","PLN","0","0","0","9.47","0","0","0","0","0","0","0"
"2019-10-11","MCI","PLMCIMG00012","PLN","8.52","8.8","8.52","8.8","3.29","1510","5","12.87","0","0","0"
"2019-10-11","MDIENERGIA","PLNFI1000012","PLN","3.75","3.75","3.52","3.52","-6.13","31","7","0.11","0","0","0"
"2019-10-11","MEDIACAP","PLEMLAB00018","PLN","0","0","0","2.47","0","0","0","0","0","0","0"
"2019-10-11","MEDIATEL","PLSMMDA00012","PLN","0","0","0","0.74","0","0","0","0","0","0","0"
"2019-10-11","MEDICALG","PLMDCLG00015","PLN","29.35","29.8","29.2","29.7","0","911","19","26.94","0","0","0"
"2019-10-11","MEGARON","PLMGRON00016","PLN","0","0","0","11","0","0","0","0","0","0","0"
"2019-10-11","MENNICA","PLMNNCP00011","PLN","0","0","0","23","0","0","0","0","0","0","0"
"2019-10-11","MERCATOR","PLMRCTR00015","PLN","5.8","5.99","5.62","5.9","2.79","15929","52","91.42","0","0","0"
"2019-10-11","MERCOR","PLMRCOR00016","PLN","7.26","7.26","7.26","7.26","0","15","6","0.11","0","0","0"
"2019-10-11","MEXPOLSKA","PLMEXPL00010","PLN","3.04","3.04","3.04","3.04","-1.3","7479","7","22.74","0","0","0"
"2019-10-11","MFO","PLMFO0000013","PLN","18.3","18.3","18.3","18.3","0","441","5","8.07","0","0","0"
"2019-10-11","MILKILAND","NL0009508712","PLN","0","0","0","0.36","0","0","0","0","0","0","0"
"2019-10-11","MILLENNIUM","PLBIG0000016","PLN","5.625","5.865","5.565","5.8","4.32","1205958","710","6982.95","0","0","0"
"2019-10-11","MIRACULUM","PLKLSTN00017","PLN","1.25","1.27","1.23","1.27","3.25","2040","4","2.53","0","0","0"
"2019-10-11","MIRBUD","PLMRBUD00015","PLN","0.87","0.92","0.84","0.854","2.89","513885","240","453.17","0","0","0"
"2019-10-11","MLPGROUP","PLMLPGR00017","PLN","49.6","49.6","49.6","49.6","0","1","1","0.05","0","0","0"
"2019-10-11","MLSYSTEM","PLMLSTM00015","PLN","22","22.4","21.6","22.4","1.82","2971","34","65.18","0","0","0"
"2019-10-11","MOBRUK","PLMOBRK00013","PLN","100","102","100","102","3.55","10","2","1.01","0","0","0"
"2019-10-11","MOJ","PLMOJ0000015","PLN","0","0","0","0.73","0","0","0","0","0","0","0"
"2019-10-11","MOL","HU0000153937","PLN","37","37","37","37","-1.18","57","2","2.11","0","0","0"
"2019-10-11","MONNARI","PLMNRTR00012","PLN","3.1","3.1","3","3","-2.28","136153","183","412.86","0","0","0"
"2019-10-11","MORIZON","PLMORZN00016","PLN","0.69","0.69","0.65","0.65","-5.8","14","4","0.01","0","0","0"
"2019-10-11","MOSTALPLC","PLMSTPL00018","PLN","5.62","5.7","5.06","5.3","-5.69","8807","38","46.26","0","0","0"
"2019-10-11","MOSTALWAR","PLMSTWS00019","PLN","4.22","4.35","4.22","4.35","4.32","1702","9","7.28","0","0","0"
"2019-10-11","MOSTALZAB","PLMSTZB00018","PLN","0.72","0.737","0.67","0.691","-1.57","83940","47","57.9","0","0","0"
"2019-10-11","MUZA","PLMUZA000019","PLN","2.82","2.82","2.82","2.82","0","77","1","0.22","0","0","0"
"2019-10-11","MWTRADE","PLMWTRD00013","PLN","3.56","3.56","3.56","3.56","1.14","43","1","0.15","0","0","0"
"2019-10-11","NANOGROUP","PLNNGRP00011","PLN","2.2","2.2","2.2","2.2","0","1000","2","2.2","0","0","0"
"2019-10-11","NETIA","PLNETIA00014","PLN","4.45","4.49","4.45","4.49","-1.32","609","5","2.71","0","0","0"
"2019-10-11","NEUCA","PLTRFRM00018","PLN","351","361","351","360","2.27","761","41","269.3","0","0","0"
"2019-10-11","NEWAG","PLNEWAG00012","PLN","18.1","18.3","18.1","18.3","0","114","5","2.07","0","0","0"
"2019-10-11","NEWWORLDR","GB00B42CTW68","PLN","0","0","0","0.02","0","0","0","0","0","0","0"
"2019-10-11","NORTCOAST","PLNRTHC00014","PLN","6.84","7.86","6.78","7.86","11.02","7826","23","57.91","0","0","0"
"2019-10-11","NOVATURAS","LT0000131872","PLN","27.6","27.8","27.6","27.8","0","111","2","3.08","0","0","0"
"2019-10-11","NOVITA","PLNVITA00018","PLN","0","0","0","41","0","0","0","0","0","0","0"
"2019-10-11","NOWAGALA","PLCRMNG00029","PLN","0.73","0.74","0.73","0.73","0","28101","6","20.52","0","0","0"
"2019-10-11","NTTSYSTEM","PLNTSYS00013","PLN","2.07","2.17","2.07","2.14","2.39","1074","54","2.25","0","0","0"
"2019-10-11","OAT","PLONCTH00011","PLN","11.15","11.2","11","11.2","1.82","328","11","3.67","0","0","0"
"2019-10-11","ODLEWNIE","PLODLPL00013","PLN","3.4","3.4","3.34","3.34","-1.76","4620","5","15.43","0","0","0"
"2019-10-11","OEX","PLTELL000023","PLN","0","0","0","17.2","0","0","0","0","0","0","0"
"2019-10-11","OPENFIN","PLOPNFN00010","PLN","0.9","0.9","0.87","0.9","3.45","12533","18","11.12","0","0","0"
"2019-10-11","OPONEO.PL","PLOPNPL00013","PLN","22.9","23","22.9","22.9","1.78","1216","11","27.92","0","0","0"
"2019-10-11","OPTEAM","PLOPTEM00012","PLN","0","0","0","9.15","0","0","0","0","0","0","0"
"2019-10-11","ORANGEPL","PLTLKPL00017","PLN","5.74","5.76","5.655","5.68","-0.18","662841","687","3772.54","0","0","0"
"2019-10-11","ORBIS","PLORBIS00014","PLN","104","106","104","106","1.44","400","15","41.91","0","0","0"
"2019-10-11","ORCOGROUP","LU0122624777","PLN","1.51","1.55","1.51","1.55","2.65","8190","7","12.69","0","0","0"
"2019-10-11","ORION","PLORION00018","PLN","6.85","7.05","6.85","7.05","2.92","320","4","2.21","0","0","0"
"2019-10-11","ORZBIALY","PLORZBL00013","PLN","10.55","10.8","10.5","10.5","-0.47","1866","6","19.8","0","0","0"
"2019-10-11","OTLOG","PLODRTS00017","PLN","6.5","6.8","6","6.3","6.78","5953","20","36.39","0","0","0"
"2019-10-11","OTMUCHOW","PLZPCOT00018","PLN","1.65","1.65","1.56","1.56","-7.69","506","3","0.79","0","0","0"
"2019-10-11","OVOSTAR","NL0009805613","PLN","78","78","78","78","-0.64","1","1","0.08","0","0","0"
"2019-10-11","PAMAPOL","PLPMPOL00031","PLN","0","0","0","1.2","0","0","0","0","0","0","0"
"2019-10-11","PANOVA","PLPANVA00013","PLN","11.6","11.8","11.5","11.8","0","2249","13","26.08","0","0","0"
"2019-10-11","PATENTUS","PLPTNTS00019","PLN","1.31","1.31","1.27","1.29","-0.77","46","4","0.06","0","0","0"
"2019-10-11","PBG","PLPBG0000029","PLN","0","0","0","0.055","0","0","0","0","0","0","0"
"2019-10-11","PBKM","PLPBKM000012","PLN","62.2","62.2","61.8","62","0","9915","16","614.74","0","0","0"
"2019-10-11","PBSFINANSE","PLBEFSN00010","PLN","0.21","0.212","0.21","0.212","6","23946","4","5.03","0","0","0"
"2019-10-11","PCCEXOL","PLPCCEX00010","PLN","1.58","1.58","1.58","1.58","-1.25","1777","12","2.81","0","0","0"
"2019-10-11","PCCROKITA","PLPCCRK00076","PLN","47.6","50.6","47.6","50","5.04","1164","48","57.41","0","0","0"
"2019-10-11","PCGUARD","PLGUARD00019","PLN","0","0","0","1.17","0","0","0","0","0","0","0"
"2019-10-11","PCM","PLPRMCM00048","PLN","0","0","0","23","0","0","0","0","0","0","0"
"2019-10-11","PEIXIN","NL0010577052","PLN","0","0","0","1.02","0","0","0","0","0","0","0"
"2019-10-11","PEKABEX","PLPKBEX00072","PLN","8.2","8.25","8.1","8.1","1.25","2226","7","18.19","0","0","0"
"2019-10-11","PEKAO","PLPEKAO00016","PLN","104.5","104.95","103.55","104.55","0.53","634644","2610","66206.95","0","0","0"
"2019-10-11","PEMANAGER","PLPREQM00011","PLN","10.85","10.85","10.85","10.85","0","1","1","0.01","0","0","0"
"2019-10-11","PEP","PLPLSEP00013","PLN","24.6","25.7","24.6","25.7","1.98","556","11","13.85","0","0","0"
"2019-10-11","PEPEES","PLPEPES00018","PLN","1.68","1.68","1.62","1.62","-4.71","33193","14","54.01","0","0","0"
"2019-10-11","PFLEIDER","PLZPW0000017","PLN","0","0","0","26.2","0","0","0","0","0","0","0"
"2019-10-11","PGE","PLPGER000010","PLN","7.95","8.196","7.92","8.132","2.88","775712","1316","6268.18","0","0","0"
"2019-10-11","PGNIG","PLPGNIG00014","PLN","4.6","4.728","4.6","4.704","2.84","2774762","1965","12997.69","0","0","0"
"2019-10-11","PGO","PLPGO0000014","PLN","1.24","1.24","1.24","1.24","0","30","5","0.04","0","0","0"
"2019-10-11","PGSSOFT","PLSFTWR00015","PLN","9.65","9.89","9.55","9.78","5.16","30299","59","294.07","0","0","0"
"2019-10-11","PHARMENA","PLPHRMN00011","PLN","6.68","6.68","6.34","6.68","-0.6","154","3","0.98","0","0","0"
"2019-10-11","PHN","PLPHN0000014","PLN","11","11.35","10.8","11.3","2.73","840","11","9.24","0","0","0"
"2019-10-11","PKNORLEN","PLPKN0000018","PLN","101.65","102.5","100.65","101.65","-0.29","338857","2109","34360.43","0","0","0"
"2019-10-11","PKOBP","PLPKO0000016","PLN","37.18","37.99","37.06","37.96","1.96","2001634","4062","75020.92","0","0","0"
"2019-10-11","PKPCARGO","PLPKPCR00011","PLN","24.85","25.45","24.5","25.25","3.27","81126","423","2036.05","0","0","0"
"2019-10-11","PLASTBOX","PLPSTBX00016","PLN","2","2","2","2","0","100","1","0.2","0","0","0"
"2019-10-11","PLATYNINW","PLADDRG00015","PLN","0","0","0","0.428","0","0","0","0","0","0","0"
"2019-10-11","PLAY","LU1642887738","PLN","29.2","29.2","28.64","28.8","-0.69","458943","1628","13294.86","0","0","0"
"2019-10-11","PLAYWAY","PLPLAYW00015","PLN","188","190.8","187.6","189","0.96","2143","142","405.67","0","0","0"
"2019-10-11","PLAZACNTR","NL0011882741","PLN","1.77","1.77","1.77","1.77","-1.12","20","1","0.04","0","0","0"
"2019-10-11","PMPG","PLPEKPL00010","PLN","1.2","1.2","1.2","1.2","-0.83","500","1","0.6","0","0","0"
"2019-10-11","POLICE","PLZCPLC00036","PLN","13.7","13.7","13.7","13.7","-0.72","60","1","0.82","0","0","0"
"2019-10-11","POLIMEXMS","PLMSTSD00019","PLN","2.195","2.29","2.16","2.235","3","248698","211","558.17","0","0","0"
"2019-10-11","POLNORD","PLPOLND00019","PLN","5.24","5.48","4.89","5","-6.02","65637","141","333.56","0","0","0"
"2019-10-11","POLWAX","PLPOLWX00026","PLN","3","3.05","2.96","3.05","0","643","6","1.92","0","0","0"
"2019-10-11","POZBUD","PLPZBDT00013","PLN","1.98","1.98","1.9","1.96","0.51","5648","9","10.99","0","0","0"
"2019-10-11","PRAGMAFA","PLGFPRE00040","PLN","11.5","11.5","11.5","11.5","0","1","1","0.01","0","0","0"
"2019-10-11","PRAGMAINK","PLPRGNK00017","PLN","0","0","0","6.7","0","0","0","0","0","0","0"
"2019-10-11","PRAIRIE","AU000000PDZ2","PLN","0.66","0.67","0.645","0.655","-0.76","172461","78","113.11","0","0","0"
"2019-10-11","PRIMAMODA","PLPRMMD00012","PLN","1.25","1.25","1.23","1.23","16.04","11072","20","13.76","0","0","0"
"2019-10-11","PRIMETECH","PLKOPEX00018","PLN","1.258","1.38","1.252","1.378","9.54","2030","7","2.55","0","0","0"
"2019-10-11","PROCAD","PLPRCAD00018","PLN","0.9","0.9","0.9","0.9","0","1163","2","1.05","0","0","0"
"2019-10-11","PROCHEM","PLPRCHM00014","PLN","16.95","16.95","16.95","16.95","0","2","1","0.03","0","0","0"
"2019-10-11","PROJPRZEM","PLPROJP00018","PLN","16.15","16.15","15.3","15.3","-5.26","397","17","6.11","0","0","0"
"2019-10-11","PROTEKTOR","PLLZPSK00019","PLN","3.73","3.73","3.73","3.73","2.19","1","1","0","0","0","0"
"2019-10-11","PROVIDENT","GB00B1YKG049","PLN","5.35","5.4","5.16","5.4","0","134","3","0.69","0","0","0"
"2019-10-11","PULAWY","PLZAPUL00057","PLN","90","93","86","91","1.79","1811","78","162.59","0","0","0"
"2019-10-11","PZU","PLPZU0000011","PLN","36.64","37.47","36.58","37.4","2.33","1183247","2310","43636.08","0","0","0"
"2019-10-11","QUANTUM","PLQNTUM00018","PLN","0","0","0","12.9","0","0","0","0","0","0","0"
"2019-10-11","QUERCUS","PLQRCUS00012","PLN","2.13","2.13","2.08","2.1","-1.87","1665","4","3.49","0","0","0"
"2019-10-11","R22","PLR220000018","PLN","19.5","20.5","19.4","20.4","4.88","1507","21","29.66","0","0","0"
"2019-10-11","RADPOL","PLRDPOL00010","PLN","1.235","1.235","1.22","1.235","0","2971","5","3.65","0","0","0"
"2019-10-11","RAFAKO","PLRAFAK00018","PLN","1.106","1.126","1.062","1.11","1.09","1928511","901","2099.55","0","0","0"
"2019-10-11","RAFAMET","PLRFMET00016","PLN","0","0","0","10.5","0","0","0","0","0","0","0"
"2019-10-11","RAINBOW","PLRNBWT00031","PLN","26.7","27","26.7","26.8","-0.37","2629","24","70.41","0","0","0"
"2019-10-11","RANKPROGR","PLRNKPR00014","PLN","1.28","1.295","1.25","1.25","-2.34","2809","6","3.55","0","0","0"
"2019-10-11","RAWLPLUG","PLKLNR000017","PLN","8.88","8.88","8.5","8.6","-2.27","2516","66","21.55","0","0","0"
"2019-10-11","REDAN","PLREDAN00019","PLN","0.254","0.254","0.254","0.254","1.6","6680","3","1.7","0","0","0"
"2019-10-11","REDWOOD","PLCMPLX00014","PLN","0","0","0","0.05","0","0","0","0","0","0","0"
"2019-10-11","REGNON","PLPRNTC00017","PLN","0","0","0","0.086","0","0","0","0","0","0","0"
"2019-10-11","REINHOLD","SE0001856519","PLN","0","0","0","0.141","0","0","0","0","0","0","0"
"2019-10-11","REINO","PLWDM0000029","PLN","0","0","0","1.63","0","0","0","0","0","0","0"
"2019-10-11","RELPOL","PLRELPL00014","PLN","5.1","5.4","5.1","5.4","5.88","122512","46","626.99","0","0","0"
"2019-10-11","REMAK","PLREMAK00016","PLN","9.4","9.4","9.16","9.16","-0.87","465","35","4.27","0","0","0"
"2019-10-11","RESBUD","EE3100142985","PLN","0.42","0.42","0.42","0.42","-4.55","1140","2","0.48","0","0","0"
"2019-10-11","RONSON","NL0006106007","PLN","0.84","0.84","0.835","0.84","1.2","16417","11","13.72","0","0","0"
"2019-10-11","ROPCZYCE","PLROPCE00017","PLN","19.8","20.7","19.8","20.7","2.99","268","10","5.45","0","0","0"
"2019-10-11","RUBICON","PLNFI0500012","PLN","0.94","0.94","0.938","0.94","0","11","5","0.01","0","0","0"
"2019-10-11","RYVU","PLSELVT00013","PLN","49","49.4","47.2","48.9","0","3330","39","161.37","0","0","0"
"2019-10-11","SADOVAYA","LU0564351582","PLN","0","0","0","0.12","0","0","0","0","0","0","0"
"2019-10-11","SANOK","PLSTLSK00016","PLN","19.3","19.3","19.15","19.15","-0.78","380","4","7.31","0","0","0"
"2019-10-11","SANPL","PLBZ00000044","PLN","285","297.8","285","297","4.28","46322","1735","13561.06","0","0","0"
"2019-10-11","SANTANDER","ES0113900J37","PLN","16.26","16.26","16.2","16.2","3.38","317","5","5.15","0","0","0"
"2019-10-11","SANWIL","PLSANWL00012","PLN","0","0","0","0.57","0","0","0","0","0","0","0"
"2019-10-11","SARE","PLSARE000013","PLN","0","0","0","4.44","0","0","0","0","0","0","0"
"2019-10-11","SCOPAK","PLSCOPK00012","PLN","0","0","0","0.08","0","0","0","0","0","0","0"
"2019-10-11","SECOGROUP","PLWRWCK00013","PLN","14.9","15","14.9","15","0","78","2","1.16","0","0","0"
"2019-10-11","SEKO","PLSEKO000014","PLN","0","0","0","9.15","0","0","0","0","0","0","0"
"2019-10-11","SELENAFM","PLSELNA00010","PLN","10.6","10.6","10.1","10.1","-1.94","391","7","4.05","0","0","0"
"2019-10-11","SERINUS","JE00BF4N9R98","PLN","0.61","0.64","0.57","0.585","-7.87","1254422","281","735.2","0","0","0"
"2019-10-11","SESCOM","PLSESCM00013","PLN","27.2","27.2","27.2","27.2","0","2","1","0.05","0","0","0"
"2019-10-11","SETANTA","PLSNTFG00017","PLN","4.72","4.89","4.65","4.65","-1.06","7224","34","34.36","0","0","0"
"2019-10-11","SFINKS","PLSFNKS00011","PLN","0.79","0.794","0.78","0.79","-0.25","6796","6","5.35","0","0","0"
"2019-10-11","SILVAIR-REGS","USU827061099","PLN","6.93","6.93","6.63","6.93","0","69","46","0.48","0","0","0"
"2019-10-11","SILVANO","EE3100001751","PLN","9.78","9.98","9.78","9.98","1.01","810","2","7.93","0","0","0"
"2019-10-11","SIMPLE","PLSIMPL00011","PLN","6.3","6.3","6.3","6.3","0","2","1","0.01","0","0","0"
"2019-10-11","SKARBIEC","PLSKRBH00014","PLN","16.6","16.65","16.6","16.65","1.83","336","4","5.59","0","0","0"
"2019-10-11","SKOTAN","PLSKTAN00010","PLN","0.785","0.785","0.75","0.755","-3.82","52828","49","40.31","0","0","0"
"2019-10-11","SKYLINE","PLSKLNW00011","PLN","0","0","0","0.67","0","0","0","0","0","0","0"
"2019-10-11","SLEEPZAG","DE000A2E3772","PLN","0.725","0.725","0.68","0.68","-6.21","4174","2","2.84","0","0","0"
"2019-10-11","SNIEZKA","PLSNZKA00033","PLN","73","73","71","73","0.69","300","35","21.69","0","0","0"
"2019-10-11","SOHODEV","PLNFI0400015","PLN","0.57","0.57","0.57","0.57","6.34","4845","9","2.76","0","0","0"
"2019-10-11","SOLAR","PLSLRCP00021","PLN","0.91","0.965","0.82","0.85","-8.6","336969","171","297.33","0","0","0"
"2019-10-11","SONEL","PLSONEL00011","PLN","8.7","8.7","8.5","8.5","-1.16","990","4","8.44","0","0","0"
"2019-10-11","SOPHARMA","BG11SOSOBT18","PLN","0","0","0","10","0","0","0","0","0","0","0"
"2019-10-11","STALEXP","PLSTLEX00019","PLN","3.24","3.25","3.22","3.225","-0.31","8870","14","28.7","0","0","0"
"2019-10-11","STALPROD","PLSTLPD00017","PLN","223","225","221.5","223","0","498","34","111.24","0","0","0"
"2019-10-11","STALPROFI","PLSTLPF00012","PLN","7.1","7.3","7.05","7.3","0.69","9727","12","69.56","0","0","0"
"2019-10-11","STAPORKOW","PLSTPRK00019","PLN","1.2","1.2","1.2","1.2","0","15","1","0.02","0","0","0"
"2019-10-11","STARHEDGE","PLHRDEX00021","PLN","0.64","0.64","0.62","0.62","-1.59","5830","3","3.73","0","0","0"
"2019-10-11","STELMET","PLSTLMT00010","PLN","8.05","8.05","8.05","8.05","1.26","60","2","0.48","0","0","0"
"2019-10-11","SUNEX","PLSUNEX00013","PLN","9.68","9.68","9.22","9.22","-4.75","4631","43","43.28","0","0","0"
"2019-10-11","SUWARY","PLSUWAR00014","PLN","12","12","10.8","11.6","-3.33","104","4","1.17","0","0","0"
"2019-10-11","SWISSMED","PLSWMED00013","PLN","4.15","4.4","4.03","4.31","3.11","11382","32","49.26","0","0","0"
"2019-10-11","SYGNITY","PLCMPLD00016","PLN","2.52","2.56","2.42","2.56","1.59","5014","9","12.43","0","0","0"
"2019-10-11","SYNEKTIK","PLSNKTK00019","PLN","14.28","14.44","13.76","14.2","-0.56","1236","25","17.45","0","0","0"
"2019-10-11","TALANX","DE000TLX1005","PLN","157.5","157.5","157.5","157.5","6.78","41","3","6.46","0","0","0"
"2019-10-11","TALEX","PLTALEX00017","PLN","13.5","13.5","13.1","13.1","-2.24","899","6","11.93","0","0","0"
"2019-10-11","TARCZYNSKI","PLTRCZN00016","PLN","0","0","0","16.3","0","0","0","0","0","0","0"
"2019-10-11","TATRY","SK1120010287","PLN","160","160","160","160","0.63","96","7","15.36","0","0","0"
"2019-10-11","TAURONPE","PLTAURN00011","PLN","1.61","1.67","1.6","1.669","4.18","3643175","1246","5996.07","0","0","0"
"2019-10-11","TBULL","PLTBULL00024","PLN","18","18.9","17.65","18.7","3.89","4233","33","77.23","0","0","0"
"2019-10-11","TERMOREX","PLTRMRX00011","PLN","1.03","1.03","1.03","1.03","0","35","11","0.04","0","0","0"
"2019-10-11","TESGAS","PLTSGS000019","PLN","2.48","2.48","2.48","2.48","0","2","1","0","0","0","0"
"2019-10-11","TIM","PLTIM0000016","PLN","8.76","8.82","8.46","8.76","-0.45","3447","11","30.12","0","0","0"
"2019-10-11","TORPOL","PLTORPL00016","PLN","6.84","6.84","6.6","6.6","-1.79","24147","38","160.28","0","0","0"
"2019-10-11","TOWERINVT","PLTWRNV00013","PLN","24.3","24.3","24.3","24.3","-4.71","52","1","1.26","0","0","0"
"2019-10-11","TOYA","PLTOYA000011","PLN","3.9","3.98","3.9","3.92","0.51","1050","7","4.13","0","0","0"
"2019-10-11","TRAKCJA","PLTRKPL00014","PLN","2","2.075","1.95","1.964","5.48","507805","395","1023.5","0","0","0"
"2019-10-11","TRANSPOL","PLTRNSP00013","PLN","3","3","3","3","0","5","1","0.02","0","0","0"
"2019-10-11","TRITON","PLASMOT00030","PLN","0","0","0","1.81","0","0","0","0","0","0","0"
"2019-10-11","TSGAMES","PLTSQGM00016","PLN","149.6","153","148.2","149.6","0.81","9522","204","1428.82","0","0","0"
"2019-10-11","TXM","PLTXM0000015","PLN","0","0","0","0.13","0","0","0","0","0","0","0"
"2019-10-11","ULMA","PLBAUMA00017","PLN","51","51","49.4","51","0","266","9","13.29","0","0","0"
"2019-10-11","ULTGAMES","PLULTGM00013","PLN","18.6","18.6","18.34","18.56","0.54","10297","69","189.69","0","0","0"
"2019-10-11","UNIBEP","PLUNBEP00015","PLN","6.24","6.3","6.12","6.3","0","962","14","5.95","0","0","0"
"2019-10-11","UNICREDIT","IT0005239360","PLN","47.4","47.4","47.4","47.4","0","35","1","1.66","0","0","0"
"2019-10-11","UNIMA","PLUNMST00014","PLN","2.22","2.22","2.16","2.2","-9.84","5504","20","12.04","0","0","0"
"2019-10-11","UNIMOT","PLUNMOT00013","PLN","25.3","26.8","25.3","26.5","4.74","17182","175","448.18","0","0","0"
"2019-10-11","URSUS","PLPMWRM00012","PLN","0.67","0.692","0.66","0.68","1.49","208672","121","140.8","0","0","0"
"2019-10-11","VANTAGE","PLVTGDL00010","PLN","0","0","0","3.28","0","0","0","0","0","0","0"
"2019-10-11","VENTUREIN","PLVNTIN00011","PLN","1.53","1.53","1.53","1.53","0","790","3","1.21","0","0","0"
"2019-10-11","VIGOSYS","PLVIGOS00015","PLN","300","306","290","290","-3.33","1190","22","348.22","0","0","0"
"2019-10-11","VINDEXUS","PLVNDEX00013","PLN","8.34","8.54","8.34","8.54","0.95","2854","11","24.15","0","0","0"
"2019-10-11","VISTAL","PLVTLGD00010","PLN","2","2.04","1.96","2.03","-1.46","16520","28","32.68","0","0","0"
"2019-10-11","VIVID","PLVVDGM00014","PLN","1.26","1.31","1.23","1.24","-1.59","54891","42","69.74","0","0","0"
"2019-10-11","VOTUM","PLVOTUM00016","PLN","10.8","11.25","10.3","11.25","3.69","11229","46","121.68","0","0","0"
"2019-10-11","VOXEL","PLVOXEL00014","PLN","31.1","31.5","31","31.5","0.96","115","8","3.59","0","0","0"
"2019-10-11","VRG","PLVSTLA00011","PLN","4.125","4.125","4.08","4.085","-0.85","36048","68","147.31","0","0","0"
"2019-10-11","WADEX","PLWADEX00018","PLN","6.7","6.8","6.7","6.8","1.49","1595","14","10.74","0","0","0"
"2019-10-11","WARIMPEX","AT0000827209","PLN","6.5","6.6","6.48","6.6","2.17","1277","7","8.4","0","0","0"
"2019-10-11","WASKO","PLHOGA000041","PLN","1.24","1.29","1.22","1.29","8.4","14801","28","18.81","0","0","0"
"2019-10-11","WAWEL","PLWAWEL00013","PLN","0","0","0","658","0","0","0","0","0","0","0"
"2019-10-11","WIELTON","PLWELTN00012","PLN","7.66","7.72","7.36","7.52","-2.84","38590","102","287.55","0","0","0"
"2019-10-11","WIKANA","PLELPO000016","PLN","1.07","1.07","1.04","1.04","-6.31","4561","10","4.76","0","0","0"
"2019-10-11","WILBO","PLWILBO00019","PLN","0","0","0","0.24","0","0","0","0","0","0","0"
"2019-10-11","WINVEST","PLARIEL00046","PLN","0","0","0","0.051","0","0","0","0","0","0","0"
"2019-10-11","WIRTUALNA","PLWRTPL00027","PLN","66","66.6","65.8","66","0","1388","26","91.68","0","0","0"
"2019-10-11","WITTCHEN","PLWTCHN00030","PLN","13.5","13.5","13.5","13.5","0.75","25","11","0.34","0","0","0"
"2019-10-11","WOJAS","PLWOJAS00014","PLN","5.12","5.12","5.12","5.12","-1.54","1550","2","7.94","0","0","0"
"2019-10-11","WORKSERV","PLWRKSR00019","PLN","1.026","1.058","0.938","0.944","-10.1","248428","152","247.72","0","0","0"
"2019-10-11","XTB","PLXTRDM00011","PLN","3.22","3.22","3.06","3.19","2.9","10215","19","31.98","0","0","0"
"2019-10-11","XTPL","PLXTPL000018","PLN","101","109.5","101","109.5","7.88","730","33","77.15","0","0","0"
"2019-10-11","YOLO","PLPRESC00018","PLN","1.8","1.8","1.6","1.7","-5.56","6647","6","11.14","0","0","0"
"2019-10-11","ZAMET","PLZAMET00010","PLN","0.89","0.89","0.89","0.89","0","28","2","0.02","0","0","0"
"2019-10-11","ZASTAL","PLZSTAL00012","PLN","0","0","0","2.56","0","0","0","0","0","0","0"
"2019-10-11","ZEPAK","PLZEPAK00012","PLN","6.76","6.78","6.6","6.76","1.2","4888","23","32.75","0","0","0"
"2019-10-11","ZPUE","PLZPUE000012","PLN","120","120","115","117","-1.68","113","4","13.21","0","0","0"
"2019-10-11","ZREMB","PLZBMZC00019","PLN","0","0","0","0.58","0","0","0","0","0","0","0"
"2019-10-11","ZUE","PLZUE0000015","PLN","4.36","4.36","4.36","4.36","0","3","2","0.01","0","0","0"
"2019-10-11","ZYWIEC","PLZYWIC00016","PLN","478","482","478","482","-0.41","4","3","1.92","0","0","0"
